{
    "accuracy": 0.31846308821413155,
    "AP": {
        "precision": 0.5734597156398105,
        "recall": 0.1746031746031746,
        "f1-score": 0.2676991150442478,
        "support": 693.0
    },
    "B": {
        "precision": 0.6108897742363878,
        "recall": 0.773109243697479,
        "f1-score": 0.6824925816023739,
        "support": 1190.0
    },
    "D": {
        "precision": 0.6759036144578313,
        "recall": 0.7684931506849315,
        "f1-score": 0.7192307692307692,
        "support": 2920.0
    },
    "DI": {
        "precision": 0.6455194290245837,
        "recall": 0.6846089150546678,
        "f1-score": 0.6644897959183673,
        "support": 1189.0
    },
    "O": {
        "precision": 0.5387541607227769,
        "recall": 0.6283971159179146,
        "f1-score": 0.5801331285202252,
        "support": 1803.0
    },
    "P": {
        "precision": 0.8360065957127867,
        "recall": 0.8377647589004056,
        "f1-score": 0.8368847539015606,
        "support": 6657.0
    },
    "PR": {
        "precision": 0.47129008202833705,
        "recall": 0.7065399664617105,
        "f1-score": 0.5654216059047193,
        "support": 1789.0
    },
    "PS": {
        "precision": 0.37998712998712997,
        "recall": 0.6646032639279685,
        "f1-score": 0.4835209825997953,
        "support": 1777.0
    },
    "PZ": {
        "precision": 0.46316463805253044,
        "recall": 0.8155668358714044,
        "f1-score": 0.5908069458631257,
        "support": 1773.0
    },
    "Q": {
        "precision": 0.5125125125125125,
        "recall": 0.7540500736377025,
        "f1-score": 0.6102502979737783,
        "support": 679.0
    },
    "micro avg": {
        "precision": 0.6088940479526078,
        "recall": 0.7431362970200293,
        "f1-score": 0.6693507579257695,
        "support": 20470.0
    },
    "macro avg": {
        "precision": 0.5707487652374688,
        "recall": 0.6807736498757359,
        "f1-score": 0.6000929976558963,
        "support": 20470.0
    },
    "weighted avg": {
        "precision": 0.6394606358108907,
        "recall": 0.7431362970200293,
        "f1-score": 0.6759966983957413,
        "support": 20470.0
    },
    "samples avg": {
        "precision": 0.5752658256183942,
        "recall": 0.7233474840504629,
        "f1-score": 0.6170894750186734,
        "support": 20470.0
    }
}