{
    "accuracy": 0.33832206072816234,
    "AP": {
        "precision": 0.6536312849162011,
        "recall": 0.16883116883116883,
        "f1-score": 0.268348623853211,
        "support": 693.0
    },
    "B": {
        "precision": 0.6075235109717868,
        "recall": 0.8142857142857143,
        "f1-score": 0.6958707360861759,
        "support": 1190.0
    },
    "D": {
        "precision": 0.6859975961538461,
        "recall": 0.7818493150684932,
        "f1-score": 0.7307938540332907,
        "support": 2920.0
    },
    "DI": {
        "precision": 0.6565183450429352,
        "recall": 0.7073170731707317,
        "f1-score": 0.6809716599190283,
        "support": 1189.0
    },
    "O": {
        "precision": 0.5477975632614808,
        "recall": 0.6483638380476983,
        "f1-score": 0.5938531877063754,
        "support": 1803.0
    },
    "P": {
        "precision": 0.8455178416013925,
        "recall": 0.8756196484903109,
        "f1-score": 0.860305512508302,
        "support": 6657.0
    },
    "PR": {
        "precision": 0.4712137880454712,
        "recall": 0.7182783678032421,
        "f1-score": 0.5690876882196634,
        "support": 1789.0
    },
    "PS": {
        "precision": 0.3914569923932124,
        "recall": 0.7529544175576814,
        "f1-score": 0.5151106833493744,
        "support": 1777.0
    },
    "PZ": {
        "precision": 0.46153846153846156,
        "recall": 0.8426395939086294,
        "f1-score": 0.5964071856287425,
        "support": 1773.0
    },
    "Q": {
        "precision": 0.4768812330009066,
        "recall": 0.7746686303387335,
        "f1-score": 0.590347923681257,
        "support": 679.0
    },
    "micro avg": {
        "precision": 0.6121022551745443,
        "recall": 0.774352711284807,
        "f1-score": 0.6837337704352328,
        "support": 20470.0
    },
    "macro avg": {
        "precision": 0.5798076616925695,
        "recall": 0.7084807767502403,
        "f1-score": 0.610109705498542,
        "support": 20470.0
    },
    "weighted avg": {
        "precision": 0.6476138066165584,
        "recall": 0.774352711284807,
        "f1-score": 0.6911158750724118,
        "support": 20470.0
    },
    "samples avg": {
        "precision": 0.6001387090068915,
        "recall": 0.7509054060536289,
        "f1-score": 0.6432151936900823,
        "support": 20470.0
    }
}