{
    "accuracy": 0.28759533745862714,
    "AP": {
        "precision": 0.467005076142132,
        "recall": 0.39826839826839827,
        "f1-score": 0.42990654205607476,
        "support": 693.0
    },
    "B": {
        "precision": 0.5293817066939193,
        "recall": 0.8705882352941177,
        "f1-score": 0.6584048299968224,
        "support": 1190.0
    },
    "D": {
        "precision": 0.6628840298920564,
        "recall": 0.8202054794520548,
        "f1-score": 0.7332006735037502,
        "support": 2920.0
    },
    "DI": {
        "precision": 0.6049689440993788,
        "recall": 0.8191757779646762,
        "f1-score": 0.6959628438728117,
        "support": 1189.0
    },
    "O": {
        "precision": 0.473491773308958,
        "recall": 0.7182473655019412,
        "f1-score": 0.5707360070515646,
        "support": 1803.0
    },
    "P": {
        "precision": 0.8453637660485022,
        "recall": 0.8901907766261079,
        "f1-score": 0.867198361015585,
        "support": 6657.0
    },
    "PR": {
        "precision": 0.4102275920202304,
        "recall": 0.8160983789826719,
        "f1-score": 0.5459985041136873,
        "support": 1789.0
    },
    "PS": {
        "precision": 0.3608930323846909,
        "recall": 0.8277996623522791,
        "f1-score": 0.5026482145908081,
        "support": 1777.0
    },
    "PZ": {
        "precision": 0.4233576642335766,
        "recall": 0.883248730964467,
        "f1-score": 0.5723684210526315,
        "support": 1773.0
    },
    "Q": {
        "precision": 0.4434782608695652,
        "recall": 0.8262150220913107,
        "f1-score": 0.5771604938271605,
        "support": 679.0
    },
    "micro avg": {
        "precision": 0.5631744977585921,
        "recall": 0.8285295554469956,
        "f1-score": 0.670554512207176,
        "support": 20470.0
    },
    "macro avg": {
        "precision": 0.522105184569301,
        "recall": 0.7870037827498024,
        "f1-score": 0.6153584891080897,
        "support": 20470.0
    },
    "weighted avg": {
        "precision": 0.6114684614997806,
        "recall": 0.8285295554469956,
        "f1-score": 0.6902075069054094,
        "support": 20470.0
    },
    "samples avg": {
        "precision": 0.5806034098774061,
        "recall": 0.8073403847076319,
        "f1-score": 0.6506616231180916,
        "support": 20470.0
    }
}