{
    "accuracy": 0.6772916966469996,
    "AP": {
        "precision": 0.8783333333333333,
        "recall": 0.7604617604617605,
        "f1-score": 0.8151585460170147,
        "support": 693.0
    },
    "B": {
        "precision": 0.8563829787234043,
        "recall": 0.8117647058823529,
        "f1-score": 0.8334771354616048,
        "support": 1190.0
    },
    "D": {
        "precision": 0.8336215842269111,
        "recall": 0.8253424657534246,
        "f1-score": 0.829461366374118,
        "support": 2920.0
    },
    "DI": {
        "precision": 0.8601735776277725,
        "recall": 0.7502102607232969,
        "f1-score": 0.8014375561545373,
        "support": 1189.0
    },
    "O": {
        "precision": 0.8192602930914166,
        "recall": 0.6511369938990571,
        "f1-score": 0.7255871446229913,
        "support": 1803.0
    },
    "P": {
        "precision": 0.912097603998236,
        "recall": 0.932101547243503,
        "f1-score": 0.9219910846953938,
        "support": 6657.0
    },
    "PR": {
        "precision": 0.7565278757939309,
        "recall": 0.5992174399105645,
        "f1-score": 0.6687461010605116,
        "support": 1789.0
    },
    "PS": {
        "precision": 0.7701582516955539,
        "recall": 0.5751266178953293,
        "f1-score": 0.6585051546391752,
        "support": 1777.0
    },
    "PZ": {
        "precision": 0.7967781908302355,
        "recall": 0.7253243090806543,
        "f1-score": 0.7593740773545911,
        "support": 1773.0
    },
    "Q": {
        "precision": 0.8405797101449275,
        "recall": 0.7687776141384389,
        "f1-score": 0.803076923076923,
        "support": 679.0
    },
    "micro avg": {
        "precision": 0.8518891420698426,
        "recall": 0.7853444064484612,
        "f1-score": 0.8172644315091127,
        "support": 20470.0
    },
    "macro avg": {
        "precision": 0.8323913399465722,
        "recall": 0.7399463714988382,
        "f1-score": 0.7816815089456861,
        "support": 20470.0
    },
    "weighted avg": {
        "precision": 0.8470494944441469,
        "recall": 0.7853444064484612,
        "f1-score": 0.8126925884099535,
        "support": 20470.0
    },
    "samples avg": {
        "precision": 0.8128867462944308,
        "recall": 0.7841176188420396,
        "f1-score": 0.7877752194560368,
        "support": 20470.0
    }
}