{
    "accuracy": 0.6793783278169521,
    "AP": {
        "precision": 0.8835274542429284,
        "recall": 0.7662337662337663,
        "f1-score": 0.8207109737248841,
        "support": 693.0
    },
    "B": {
        "precision": 0.8524444444444444,
        "recall": 0.8058823529411765,
        "f1-score": 0.8285097192224622,
        "support": 1190.0
    },
    "D": {
        "precision": 0.8394109396914446,
        "recall": 0.8198630136986301,
        "f1-score": 0.8295218295218295,
        "support": 2920.0
    },
    "DI": {
        "precision": 0.8657587548638133,
        "recall": 0.7485281749369218,
        "f1-score": 0.8028867839422643,
        "support": 1189.0
    },
    "O": {
        "precision": 0.8121128699242945,
        "recall": 0.6544647809206877,
        "f1-score": 0.7248157248157249,
        "support": 1803.0
    },
    "P": {
        "precision": 0.9136839004271616,
        "recall": 0.9318011116118372,
        "f1-score": 0.9226535772720512,
        "support": 6657.0
    },
    "PR": {
        "precision": 0.7583798882681564,
        "recall": 0.607043040804919,
        "f1-score": 0.6743247438683638,
        "support": 1789.0
    },
    "PS": {
        "precision": 0.7664670658682635,
        "recall": 0.5762521102982555,
        "f1-score": 0.6578862833279795,
        "support": 1777.0
    },
    "PZ": {
        "precision": 0.7940630797773655,
        "recall": 0.7241962774957699,
        "f1-score": 0.7575221238938054,
        "support": 1773.0
    },
    "Q": {
        "precision": 0.8405797101449275,
        "recall": 0.7687776141384389,
        "f1-score": 0.803076923076923,
        "support": 679.0
    },
    "micro avg": {
        "precision": 0.852498143629999,
        "recall": 0.7851978505129458,
        "f1-score": 0.8174651612246974,
        "support": 20470.0
    },
    "macro avg": {
        "precision": 0.83264281076528,
        "recall": 0.7403042243080402,
        "f1-score": 0.7821908682666288,
        "support": 20470.0
    },
    "weighted avg": {
        "precision": 0.8476392187357967,
        "recall": 0.7851978505129458,
        "f1-score": 0.8131055136007443,
        "support": 20470.0
    },
    "samples avg": {
        "precision": 0.8120233127068643,
        "recall": 0.7836319374490335,
        "f1-score": 0.7873986664747925,
        "support": 20470.0
    }
}