{
    "accuracy": 0.6019571161318176,
    "AP": {
        "precision": 0.816,
        "recall": 0.5887445887445888,
        "f1-score": 0.6839899413243923,
        "support": 693.0
    },
    "B": {
        "precision": 0.8490393412625801,
        "recall": 0.7798319327731092,
        "f1-score": 0.8129653964082347,
        "support": 1190.0
    },
    "D": {
        "precision": 0.8152536097741577,
        "recall": 0.7541095890410959,
        "f1-score": 0.7834904821206191,
        "support": 2920.0
    },
    "DI": {
        "precision": 0.8344965104685942,
        "recall": 0.7039529015979815,
        "f1-score": 0.7636861313868614,
        "support": 1189.0
    },
    "O": {
        "precision": 0.7890800299177263,
        "recall": 0.5851358846367166,
        "f1-score": 0.6719745222929936,
        "support": 1803.0
    },
    "P": {
        "precision": 0.9027569673359305,
        "recall": 0.9050623403935707,
        "f1-score": 0.9039081839321881,
        "support": 6657.0
    },
    "PR": {
        "precision": 0.7015503875968992,
        "recall": 0.5058692006707658,
        "f1-score": 0.5878531990906138,
        "support": 1789.0
    },
    "PS": {
        "precision": 0.7290372670807453,
        "recall": 0.5284186831738886,
        "f1-score": 0.6127243066884176,
        "support": 1777.0
    },
    "PZ": {
        "precision": 0.7659713168187744,
        "recall": 0.6627185561195713,
        "f1-score": 0.7106138494103417,
        "support": 1773.0
    },
    "Q": {
        "precision": 0.8130081300813008,
        "recall": 0.7363770250368189,
        "f1-score": 0.7727975270479135,
        "support": 679.0
    },
    "micro avg": {
        "precision": 0.8302744663154976,
        "recall": 0.7315095261358086,
        "f1-score": 0.7777691208933905,
        "support": 20470.0
    },
    "macro avg": {
        "precision": 0.8016193560336708,
        "recall": 0.6750220702188108,
        "f1-score": 0.7304003539702576,
        "support": 20470.0
    },
    "weighted avg": {
        "precision": 0.8227473700608376,
        "recall": 0.7315095261358086,
        "f1-score": 0.7714344921951211,
        "support": 20470.0
    },
    "samples avg": {
        "precision": 0.7639948193984746,
        "recall": 0.7276946323211972,
        "f1-score": 0.7327888904878399,
        "support": 20470.0
    }
}