{
    "accuracy": 0.3538638653043603,
    "AP": {
        "precision": 0.6814159292035398,
        "recall": 0.1111111111111111,
        "f1-score": 0.19106699751861042,
        "support": 693.0
    },
    "B": {
        "precision": 0.6972972972972973,
        "recall": 0.7588235294117647,
        "f1-score": 0.7267605633802817,
        "support": 1190.0
    },
    "D": {
        "precision": 0.691266516274573,
        "recall": 0.7345890410958904,
        "f1-score": 0.7122696330732193,
        "support": 2920.0
    },
    "DI": {
        "precision": 0.688376753507014,
        "recall": 0.5777964676198486,
        "f1-score": 0.6282578875171467,
        "support": 1189.0
    },
    "O": {
        "precision": 0.6021377672209026,
        "recall": 0.562396006655574,
        "f1-score": 0.5815887582449096,
        "support": 1803.0
    },
    "P": {
        "precision": 0.8371993127147767,
        "recall": 0.8783235691753042,
        "f1-score": 0.857268528700242,
        "support": 6657.0
    },
    "PR": {
        "precision": 0.5204442200908632,
        "recall": 0.5762996087199553,
        "f1-score": 0.5469496021220159,
        "support": 1789.0
    },
    "PS": {
        "precision": 0.4129424383267787,
        "recall": 0.6499718626899268,
        "f1-score": 0.505028421512899,
        "support": 1777.0
    },
    "PZ": {
        "precision": 0.48249828414550444,
        "recall": 0.7930062041737168,
        "f1-score": 0.5999573287817367,
        "support": 1773.0
    },
    "Q": {
        "precision": 0.5126315789473684,
        "recall": 0.7172312223858616,
        "f1-score": 0.5979128299570289,
        "support": 679.0
    },
    "micro avg": {
        "precision": 0.6464788115167185,
        "recall": 0.7206643869076698,
        "f1-score": 0.6815588255676962,
        "support": 20470.0
    },
    "macro avg": {
        "precision": 0.6126210097728617,
        "recall": 0.6359548623038954,
        "f1-score": 0.5947060550808091,
        "support": 20470.0
    },
    "weighted avg": {
        "precision": 0.6676254592940629,
        "recall": 0.7206643869076698,
        "f1-score": 0.6802714744456889,
        "support": 20470.0
    },
    "samples avg": {
        "precision": 0.6105398858348923,
        "recall": 0.6969468028972994,
        "f1-score": 0.6265476133370794,
        "support": 20470.0
    }
}