{
    "accuracy": 0.31191538350841846,
    "AP": {
        "precision": 0.5693430656934306,
        "recall": 0.22510822510822512,
        "f1-score": 0.32264736297828334,
        "support": 693.0
    },
    "B": {
        "precision": 0.569634703196347,
        "recall": 0.838655462184874,
        "f1-score": 0.6784500339904826,
        "support": 1190.0
    },
    "D": {
        "precision": 0.6741443773367846,
        "recall": 0.8027397260273973,
        "f1-score": 0.7328435204001876,
        "support": 2920.0
    },
    "DI": {
        "precision": 0.6329113924050633,
        "recall": 0.7569386038687973,
        "f1-score": 0.6893910379165071,
        "support": 1189.0
    },
    "O": {
        "precision": 0.5185185185185185,
        "recall": 0.6755407653910149,
        "f1-score": 0.5867052023121387,
        "support": 1803.0
    },
    "P": {
        "precision": 0.8449557016290369,
        "recall": 0.8882379450202794,
        "f1-score": 0.8660563896008788,
        "support": 6657.0
    },
    "PR": {
        "precision": 0.44152515219480937,
        "recall": 0.7702627166014533,
        "f1-score": 0.5613034623217923,
        "support": 1789.0
    },
    "PS": {
        "precision": 0.37652035959809627,
        "recall": 0.8013505908835116,
        "f1-score": 0.5123223601367153,
        "support": 1777.0
    },
    "PZ": {
        "precision": 0.4394977168949772,
        "recall": 0.8685843203609701,
        "f1-score": 0.5836649611521698,
        "support": 1773.0
    },
    "Q": {
        "precision": 0.46683673469387754,
        "recall": 0.8085419734904271,
        "f1-score": 0.5919137466307277,
        "support": 679.0
    },
    "micro avg": {
        "precision": 0.5894812421468318,
        "recall": 0.8021494870542257,
        "f1-score": 0.6795654423176409,
        "support": 20470.0
    },
    "macro avg": {
        "precision": 0.5533887722160941,
        "recall": 0.7435960328936949,
        "f1-score": 0.6125298077439884,
        "support": 20470.0
    },
    "weighted avg": {
        "precision": 0.6306003436516799,
        "recall": 0.8021494870542257,
        "f1-score": 0.6919893595567868,
        "support": 20470.0
    },
    "samples avg": {
        "precision": 0.5905857757311205,
        "recall": 0.777743800067156,
        "f1-score": 0.6471527249552863,
        "support": 20470.0
    }
}