{
    "accuracy": 0.5955533170240322,
    "AP": {
        "precision": 0.8815384615384615,
        "recall": 0.8268398268398268,
        "f1-score": 0.85331347728965,
        "support": 693.0
    },
    "B": {
        "precision": 0.8307533539731682,
        "recall": 0.6764705882352942,
        "f1-score": 0.7457156090782769,
        "support": 1190.0
    },
    "D": {
        "precision": 0.8040278853601859,
        "recall": 0.7109589041095891,
        "f1-score": 0.7546346782988005,
        "support": 2920.0
    },
    "DI": {
        "precision": 0.8315334773218143,
        "recall": 0.6476030277544155,
        "f1-score": 0.7281323877068558,
        "support": 1189.0
    },
    "O": {
        "precision": 0.7608695652173914,
        "recall": 0.4853022739877981,
        "f1-score": 0.5926176769387064,
        "support": 1803.0
    },
    "P": {
        "precision": 0.9111881785283474,
        "recall": 0.907766261078564,
        "f1-score": 0.9094740010535028,
        "support": 6657.0
    },
    "PR": {
        "precision": 0.779622641509434,
        "recall": 0.5774175517048631,
        "f1-score": 0.6634553628773282,
        "support": 1789.0
    },
    "PS": {
        "precision": 0.8016845329249617,
        "recall": 0.5891952729319077,
        "f1-score": 0.6792085630879013,
        "support": 1777.0
    },
    "PZ": {
        "precision": 0.7896461336828309,
        "recall": 0.679639029892837,
        "f1-score": 0.7305244013337375,
        "support": 1773.0
    },
    "Q": {
        "precision": 0.8230912476722533,
        "recall": 0.6509572901325479,
        "f1-score": 0.7269736842105263,
        "support": 679.0
    },
    "micro avg": {
        "precision": 0.844685564960518,
        "recall": 0.7263800683927699,
        "f1-score": 0.7810784545478423,
        "support": 20470.0
    },
    "macro avg": {
        "precision": 0.8213955477728849,
        "recall": 0.6752150026667644,
        "f1-score": 0.7384049841875286,
        "support": 20470.0
    },
    "weighted avg": {
        "precision": 0.8379015524313105,
        "recall": 0.7263800683927699,
        "f1-score": 0.7744796647119144,
        "support": 20470.0
    },
    "samples avg": {
        "precision": 0.748201180025903,
        "recall": 0.7125965366719431,
        "f1-score": 0.717805919316928,
        "support": 20470.0
    }
}