{
    "accuracy": 0.33551590156857103,
    "AP": {
        "precision": 0.6720430107526881,
        "recall": 0.18037518037518038,
        "f1-score": 0.2844141069397042,
        "support": 693.0
    },
    "B": {
        "precision": 0.6198979591836735,
        "recall": 0.8168067226890756,
        "f1-score": 0.7048585931834663,
        "support": 1190.0
    },
    "D": {
        "precision": 0.6804062126642771,
        "recall": 0.7801369863013699,
        "f1-score": 0.7268666241225271,
        "support": 2920.0
    },
    "DI": {
        "precision": 0.6536624203821656,
        "recall": 0.6904962153069807,
        "f1-score": 0.6715746421267894,
        "support": 1189.0
    },
    "O": {
        "precision": 0.5522174535050072,
        "recall": 0.6422628951747088,
        "f1-score": 0.5938461538461538,
        "support": 1803.0
    },
    "P": {
        "precision": 0.8444702130743587,
        "recall": 0.8751689950428121,
        "f1-score": 0.8595455886692239,
        "support": 6657.0
    },
    "PR": {
        "precision": 0.47376146788990825,
        "recall": 0.7216321967579653,
        "f1-score": 0.5719982277359327,
        "support": 1789.0
    },
    "PS": {
        "precision": 0.39135514018691586,
        "recall": 0.7540799099606078,
        "f1-score": 0.5152855220149971,
        "support": 1777.0
    },
    "PZ": {
        "precision": 0.45530209617755857,
        "recall": 0.8330513254371122,
        "f1-score": 0.5887980865058801,
        "support": 1773.0
    },
    "Q": {
        "precision": 0.46749777382012464,
        "recall": 0.7731958762886598,
        "f1-score": 0.5826859045504994,
        "support": 679.0
    },
    "micro avg": {
        "precision": 0.6112485504445303,
        "recall": 0.7724963361016122,
        "f1-score": 0.682477341389728,
        "support": 20470.0
    },
    "macro avg": {
        "precision": 0.5810613747636677,
        "recall": 0.7067206303334472,
        "f1-score": 0.6099873449695173,
        "support": 20470.0
    },
    "weighted avg": {
        "precision": 0.6474040238844002,
        "recall": 0.7724963361016122,
        "f1-score": 0.6901848085825433,
        "support": 20470.0
    },
    "samples avg": {
        "precision": 0.5999486336962951,
        "recall": 0.7496222478054396,
        "f1-score": 0.6423345142729228,
        "support": 20470.0
    }
}