{
    "accuracy": 0.5883580371276442,
    "AP": {
        "precision": 0.8235294117647058,
        "recall": 0.6060606060606061,
        "f1-score": 0.6982543640897756,
        "support": 693.0
    },
    "B": {
        "precision": 0.8473138548539114,
        "recall": 0.7554621848739496,
        "f1-score": 0.7987561083962683,
        "support": 1190.0
    },
    "D": {
        "precision": 0.8074787115883006,
        "recall": 0.7469178082191781,
        "f1-score": 0.7760185020458993,
        "support": 2920.0
    },
    "DI": {
        "precision": 0.8264110756123536,
        "recall": 0.6526492851135408,
        "f1-score": 0.7293233082706767,
        "support": 1189.0
    },
    "O": {
        "precision": 0.7804698972099853,
        "recall": 0.5895729339988908,
        "f1-score": 0.6717219589257504,
        "support": 1803.0
    },
    "P": {
        "precision": 0.9022195560887822,
        "recall": 0.9037103800510741,
        "f1-score": 0.9029643527204503,
        "support": 6657.0
    },
    "PR": {
        "precision": 0.6684370257966616,
        "recall": 0.4924538848518726,
        "f1-score": 0.5671065336337303,
        "support": 1789.0
    },
    "PS": {
        "precision": 0.7084745762711865,
        "recall": 0.4704558244231851,
        "f1-score": 0.5654379438620223,
        "support": 1777.0
    },
    "PZ": {
        "precision": 0.7524177949709865,
        "recall": 0.6582064297800339,
        "f1-score": 0.7021660649819494,
        "support": 1773.0
    },
    "Q": {
        "precision": 0.8121911037891268,
        "recall": 0.7260677466863034,
        "f1-score": 0.7667185069984448,
        "support": 679.0
    },
    "micro avg": {
        "precision": 0.8231547186679332,
        "recall": 0.7196873473375671,
        "f1-score": 0.7679516250944822,
        "support": 20470.0
    },
    "macro avg": {
        "precision": 0.7928943007946001,
        "recall": 0.6601557084058635,
        "f1-score": 0.7178467643924968,
        "support": 20470.0
    },
    "weighted avg": {
        "precision": 0.8145100369840329,
        "recall": 0.7196873473375671,
        "f1-score": 0.7608489001072445,
        "support": 20470.0
    },
    "samples avg": {
        "precision": 0.7590900369357702,
        "recall": 0.7184247133880174,
        "f1-score": 0.7252890104091715,
        "support": 20470.0
    }
}