{
    "accuracy": 0.3310548280328105,
    "AP": {
        "precision": 0.44765342960288806,
        "recall": 0.17893217893217894,
        "f1-score": 0.2556701030927835,
        "support": 693.0
    },
    "B": {
        "precision": 0.6065989847715736,
        "recall": 0.8033613445378152,
        "f1-score": 0.6912509038322487,
        "support": 1190.0
    },
    "D": {
        "precision": 0.6826981246218996,
        "recall": 0.772945205479452,
        "f1-score": 0.7250240925152586,
        "support": 2920.0
    },
    "DI": {
        "precision": 0.6428571428571429,
        "recall": 0.6888141295206055,
        "f1-score": 0.6650426309378806,
        "support": 1189.0
    },
    "O": {
        "precision": 0.554661618551822,
        "recall": 0.6500277315585136,
        "f1-score": 0.5985699693564862,
        "support": 1803.0
    },
    "P": {
        "precision": 0.8412906993721712,
        "recall": 0.8655550548295028,
        "f1-score": 0.8532504072264179,
        "support": 6657.0
    },
    "PR": {
        "precision": 0.4741094381197209,
        "recall": 0.7216321967579653,
        "f1-score": 0.5722517730496454,
        "support": 1789.0
    },
    "PS": {
        "precision": 0.38161395211350874,
        "recall": 0.7265053460889139,
        "f1-score": 0.5003875968992249,
        "support": 1777.0
    },
    "PZ": {
        "precision": 0.4568434032059186,
        "recall": 0.8358714043993232,
        "f1-score": 0.5907913095475383,
        "support": 1773.0
    },
    "Q": {
        "precision": 0.4634146341463415,
        "recall": 0.7555228276877761,
        "f1-score": 0.574468085106383,
        "support": 679.0
    },
    "micro avg": {
        "precision": 0.6060266130280055,
        "recall": 0.7653639472398632,
        "f1-score": 0.6764388411553905,
        "support": 20470.0
    },
    "macro avg": {
        "precision": 0.5551741427362987,
        "recall": 0.6999167419792046,
        "f1-score": 0.6026706871563867,
        "support": 20470.0
    },
    "weighted avg": {
        "precision": 0.6370977546402974,
        "recall": 0.7653639472398632,
        "f1-score": 0.684776141391311,
        "support": 20470.0
    },
    "samples avg": {
        "precision": 0.5926124462352697,
        "recall": 0.7434343070945459,
        "f1-score": 0.6354285303126864,
        "support": 20470.0
    }
}