{
    "accuracy": 0.6768599798532163,
    "AP": {
        "precision": 0.8770764119601329,
        "recall": 0.7619047619047619,
        "f1-score": 0.8154440154440155,
        "support": 693.0
    },
    "B": {
        "precision": 0.8577777777777778,
        "recall": 0.8109243697478992,
        "f1-score": 0.8336933045356372,
        "support": 1190.0
    },
    "D": {
        "precision": 0.83298755186722,
        "recall": 0.825,
        "f1-score": 0.8289745354439092,
        "support": 2920.0
    },
    "DI": {
        "precision": 0.8587896253602305,
        "recall": 0.751892346509672,
        "f1-score": 0.8017937219730942,
        "support": 1189.0
    },
    "O": {
        "precision": 0.8184979137691237,
        "recall": 0.6528008874098724,
        "f1-score": 0.7263190373341561,
        "support": 1803.0
    },
    "P": {
        "precision": 0.912097603998236,
        "recall": 0.932101547243503,
        "f1-score": 0.9219910846953938,
        "support": 6657.0
    },
    "PR": {
        "precision": 0.7615003538570417,
        "recall": 0.6014533258803801,
        "f1-score": 0.6720799500312304,
        "support": 1789.0
    },
    "PS": {
        "precision": 0.7688253012048193,
        "recall": 0.574563871693866,
        "f1-score": 0.6576489533011272,
        "support": 1777.0
    },
    "PZ": {
        "precision": 0.7967781908302355,
        "recall": 0.7253243090806543,
        "f1-score": 0.7593740773545911,
        "support": 1773.0
    },
    "Q": {
        "precision": 0.8394863563402889,
        "recall": 0.7702503681885126,
        "f1-score": 0.8033794162826421,
        "support": 679.0
    },
    "micro avg": {
        "precision": 0.8519519042322157,
        "recall": 0.7857352222765022,
        "f1-score": 0.8175048921192406,
        "support": 20470.0
    },
    "macro avg": {
        "precision": 0.8323817086965107,
        "recall": 0.7406215787659122,
        "f1-score": 0.7820698096395796,
        "support": 20470.0
    },
    "weighted avg": {
        "precision": 0.8471326416697501,
        "recall": 0.7857352222765022,
        "f1-score": 0.812957600028365,
        "support": 20470.0
    },
    "samples avg": {
        "precision": 0.8128867462944308,
        "recall": 0.784549335635823,
        "f1-score": 0.7879311171871252,
        "support": 20470.0
    }
}