{
    "accuracy": 0.6782990358324938,
    "AP": {
        "precision": 0.8820598006644518,
        "recall": 0.7662337662337663,
        "f1-score": 0.8200772200772201,
        "support": 693.0
    },
    "B": {
        "precision": 0.8518189884649512,
        "recall": 0.8067226890756303,
        "f1-score": 0.8286577470867501,
        "support": 1190.0
    },
    "D": {
        "precision": 0.8390482855143457,
        "recall": 0.8212328767123288,
        "f1-score": 0.8300449982692973,
        "support": 2920.0
    },
    "DI": {
        "precision": 0.8651026392961877,
        "recall": 0.744322960470984,
        "f1-score": 0.8001808318264014,
        "support": 1189.0
    },
    "O": {
        "precision": 0.8115942028985508,
        "recall": 0.6522462562396006,
        "f1-score": 0.7232472324723247,
        "support": 1803.0
    },
    "P": {
        "precision": 0.9126342109133696,
        "recall": 0.932101547243503,
        "f1-score": 0.9222651605231866,
        "support": 6657.0
    },
    "PR": {
        "precision": 0.7568134171907757,
        "recall": 0.6053661263275573,
        "f1-score": 0.6726708074534161,
        "support": 1789.0
    },
    "PS": {
        "precision": 0.7685887708649469,
        "recall": 0.5700619020821609,
        "f1-score": 0.6546042003231017,
        "support": 1777.0
    },
    "PZ": {
        "precision": 0.7953980099502488,
        "recall": 0.7213761985335589,
        "f1-score": 0.756580893226856,
        "support": 1773.0
    },
    "Q": {
        "precision": 0.8419354838709677,
        "recall": 0.7687776141384389,
        "f1-score": 0.8036951501154734,
        "support": 679.0
    },
    "micro avg": {
        "precision": 0.8522431643217414,
        "recall": 0.784171958964338,
        "f1-score": 0.8167917567739473,
        "support": 20470.0
    },
    "macro avg": {
        "precision": 0.8324993809628797,
        "recall": 0.7388441937057528,
        "f1-score": 0.7812024241374027,
        "support": 20470.0
    },
    "weighted avg": {
        "precision": 0.8472841560433165,
        "recall": 0.784171958964338,
        "f1-score": 0.8122551655795347,
        "support": 20470.0
    },
    "samples avg": {
        "precision": 0.8125869429654148,
        "recall": 0.7829363937257159,
        "f1-score": 0.7871971986376937,
        "support": 20470.0
    }
}