{
    "accuracy": 0.6744135846884444,
    "AP": {
        "precision": 0.8785357737104825,
        "recall": 0.7619047619047619,
        "f1-score": 0.8160741885625966,
        "support": 693.0
    },
    "B": {
        "precision": 0.8567615658362989,
        "recall": 0.8092436974789916,
        "f1-score": 0.8323249783923942,
        "support": 1190.0
    },
    "D": {
        "precision": 0.8304617505168849,
        "recall": 0.8253424657534246,
        "f1-score": 0.8278941944349021,
        "support": 2920.0
    },
    "DI": {
        "precision": 0.8599033816425121,
        "recall": 0.7485281749369218,
        "f1-score": 0.8003597122302158,
        "support": 1189.0
    },
    "O": {
        "precision": 0.8181179775280899,
        "recall": 0.6461453133666112,
        "f1-score": 0.7220328478462968,
        "support": 1803.0
    },
    "P": {
        "precision": 0.9100629852058005,
        "recall": 0.9333032897701667,
        "f1-score": 0.9215366360130525,
        "support": 6657.0
    },
    "PR": {
        "precision": 0.7539007092198582,
        "recall": 0.5941866964784795,
        "f1-score": 0.6645826820881525,
        "support": 1789.0
    },
    "PS": {
        "precision": 0.7712565838976674,
        "recall": 0.5768148564997186,
        "f1-score": 0.6600128783000644,
        "support": 1777.0
    },
    "PZ": {
        "precision": 0.7965152457996266,
        "recall": 0.7219402143260011,
        "f1-score": 0.757396449704142,
        "support": 1773.0
    },
    "Q": {
        "precision": 0.8370967741935483,
        "recall": 0.7643593519882179,
        "f1-score": 0.7990762124711316,
        "support": 679.0
    },
    "micro avg": {
        "precision": 0.8504687748291753,
        "recall": 0.7843673668783586,
        "f1-score": 0.8160817301583267,
        "support": 20470.0
    },
    "macro avg": {
        "precision": 0.8312612747550769,
        "recall": 0.7381768822503295,
        "f1-score": 0.7801290780042949,
        "support": 20470.0
    },
    "weighted avg": {
        "precision": 0.8455770665201569,
        "recall": 0.7843673668783586,
        "f1-score": 0.8113726160110648,
        "support": 20470.0
    },
    "samples avg": {
        "precision": 0.8115796037799203,
        "recall": 0.7830143425912601,
        "f1-score": 0.7863985225691945,
        "support": 20470.0
    }
}